first_name,last_name,phone,email,street,town,state,zipcode
Aaron,Jones,1-(305)318-2252,ajones9@cam.ac.uk,Green,Charlottesville,Virginia,22903
Adam,Freeman,1-(214)540-2142,afreeman2j@yellowpages.com,Memorial,Dayton,Ohio,45419
Andrea,Mitchell,1-(651)461-6191,amitchell27@china.com.cn,Heffernan,South Bend,Indiana,46634
Andrew,Ruiz,1-(615)924-8525,aruiz1x@bloglines.com,Superior,Chicago,Illinois,60609
Angela,Harvey,1-(808)232-3233,aharveyu@umich.edu,Hoepker,Asheville,North Carolina,28815
Angela,Hughes,1-(915)282-2319,ahughes1o@sciencedaily.com,Harper,Honolulu,Hawaii,96815
Annie,Hanson,1-(720)987-3487,ahanson1u@washingtonpost.com,Shoshone,Appleton,Wisconsin,54915
Arthur,Owens,1-(260)814-5328,aowens1p@mozilla.com,Hovde,Oklahoma City,Oklahoma,73190
Ashley,Reyes,1-(618)734-7014,areyes1i@acquirethisname.com,Kings,Orlando,Florida,32868
Barbara,Perez,1-(805)407-4457,bperez6@smh.com.au,Namekagon,Washington,District of Columbia,20067
Benjamin,Martin,1-(404)248-0748,bmartin1m@t-online.de,Dorton,Evansville,Indiana,47719
Beverly,Brooks,1-(269)333-4055,bbrooksm@flavors.me,Trailsway,Stockton,California,95298
Beverly,Watson,1-(772)347-4371,bwatson1f@facebook.com,Meadow Valley,San Antonio,Texas,78255
Beverly,Cunningham,1-(813)905-8928,bcunningham26@weibo.com,Huxley,Washington,District of Columbia,20299
Brandon,Mccoy,1-(517)954-4675,bmccoy19@canalblog.com,Starling,Orlando,Florida,32813
Bruce,Carroll,1-(405)331-1093,bcarrollw@chicagotribune.com,Fulton,Los Angeles,California,90081
Catherine,Freeman,1-(617)660-6356,cfreeman1h@zimbio.com,Tennessee,Washington,District of Columbia,20220
Dennis,Knight,1-(920)710-9362,dknighto@go.com,Nelson,Los Angeles,California,90087
Diane,Brown,1-(315)105-2761,dbrowne@tmall.com,Fremont,Vero Beach,Florida,32969
Donald,Howell,1-(610)809-5766,dhowell7@ebay.co.uk,Morningstar,Kalamazoo,Michigan,49048
Donald,Murray,1-(772)929-7440,dmurray15@europa.eu,Fulton,Huntsville,Alabama,35895
Donald,Smith,1-(303)791-6431,dsmith1r@tinypic.com,Burning Wood,Hampton,Virginia,23663
Donna,Wallace,1-(913)476-7492,dwallace1q@ucsd.edu,International,Denver,Colorado,80204
Earl,Perez,1-(212)875-1109,eperez21@myspace.com,Sloan,Lansing,Michigan,48912
Earl,Bell,1-(770)393-0059,ebell23@ameblo.jp,Tennessee,Albany,New York,12222
Emily,Burton,1-(209)798-8133,eburton2@dailymail.co.uk,Beilfuss,Hollywood,Florida,33028
Eric,Stevens,1-(213)813-3773,estevens12@moonfruit.com,Katie,Portland,Maine,4109
Ernest,Garza,1-(480)485-2724,egarza1z@blogger.com,Lindbergh,Flushing,New York,11388
Ernest,Hayes,1-(209)197-0172,ehayes2b@umich.edu,Springs,Pasadena,California,91186
Gloria,Scott,1-(574)288-6923,gscotts@cloudflare.com,Clemons,Houston,Texas,77050
Harold,Ellis,1-(214)792-6873,hellis1s@dell.com,Bunker Hill,Lincoln,Nebraska,68531
Harry,Anderson,1-(406)595-9394,handersonp@phpbb.com,Stephen,Santa Barbara,California,93111
Howard,Stanley,1-(210)562-1464,hstanley2g@vinaora.com,Luster,Fort Pierce,Florida,34949
Jane,Tucker,1-(203)712-6374,jtuckerk@reddit.com,Randy,Columbus,Ohio,43210
Janet,Perez,1-(757)726-6324,jperez17@yahoo.com,Forest Run,Boston,Massachusetts,2208
Janet,Weaver,1-(908)446-9408,jweaver2e@wsj.com,Carey,East Saint Louis,Illinois,62205
Janice,Rogers,1-(203)326-8671,jrogersh@answers.com,Hollow Ridge,Richmond,Virginia,23208
Janice,Welch,1-(202)915-4505,jwelch10@jugem.jp,Bartillon,Reading,Pennsylvania,19610
Jason,Riley,1-(804)386-6355,jriley1j@a8.net,Brentwood,New York City,New York,10184
Jeffrey,Johnson,1-(215)914-7690,jjohnson22@sbwire.com,Hudson,El Paso,Texas,88525
Jennifer,Montgomery,1-(213)242-6481,jmontgomery20@sourceforge.net,Schiller,Atlanta,Georgia,30380
Jimmy,Bishop,1-(518)264-9705,jbishop1a@feedburner.com,Ramsey,Dallas,Texas,75205
Joe,Watson,1-(214)965-9027,jwatson8@sakura.ne.jp,Scoville,Miami,Florida,33185
Joe,Martin,1-(716)881-5168,jmartin2q@mozilla.com,Eastlawn,Austin,Texas,78744
John,Fowler,1-(678)292-3392,jfowler1w@mac.com,Meadow Vale,El Paso,Texas,88574
Johnny,Carpenter,1-(561)805-2402,jcarpenter2k@usatoday.com,Northfield,Fort Wayne,Indiana,46805
Joseph,Hayes,1-(302)998-2356,jhayes2h@cnbc.com,Cordelia,Shawnee Mission,Kansas,66276
Joyce,Elliott,1-(816)954-0146,jelliott2a@usatoday.com,Helena,Aurora,Colorado,80045
Juan,Flores,1-(202)626-2453,jflores1@shop-pro.jp,Graedel,Dallas,Texas,75367
Judy,Wilson,1-(207)323-4127,jwilson5@soundcloud.com,Stoughton,Las Vegas,Nevada,89120
Karen,Weaver,1-(202)626-7114,kweaver25@cpanel.net,Hudson,Boulder,Colorado,80305
Karen,Morgan,1-(505)156-7622,kmorgan2l@slideshare.net,Badeau,Honolulu,Hawaii,96845
Katherine,Tucker,1-(702)926-4664,ktucker1t@home.pl,Parkside,Atlanta,Georgia,30323
Kathryn,Hunt,1-(858)896-6433,khunt2m@hp.com,Havey,Nashville,Tennessee,37215
Kimberly,Hall,1-(212)211-6352,khall1k@army.mil,Havey,Norfolk,Virginia,23520
Larry,Foster,1-(920)991-2978,lfosterv@myspace.com,Summer Ridge,Phoenix,Arizona,85040
Lawrence,Pierce,1-(971)130-3850,lpiercen@jugem.jp,Schurz,Prescott,Arizona,86305
Lawrence,Sanders,1-(419)273-6902,lsanders2f@aol.com,Glendale,Los Angeles,California,90087
Lisa,Bradley,1-(256)543-2187,lbradley16@ftc.gov,Cordelia,Spartanburg,South Carolina,29305
Louis,Ruiz,1-(303)616-4759,lruiz18@independent.co.uk,Cordelia,Oakland,California,94627
Louis,Butler,1-(210)946-9215,lbutler2o@posterous.com,Luster,Jamaica,New York,11431
Louise,Jacobs,1-(773)907-1727,ljacobst@lulu.com,Clove,Philadelphia,Pennsylvania,19093
Maria,Powell,1-(806)632-3060,mpowelli@naver.com,Cottonwood,Lafayette,Louisiana,70593
Maria,Murphy,1-(786)776-7638,mmurphy2c@miitbeian.gov.cn,Lakeland,Atlanta,Georgia,30316
Martha,George,1-(402)711-2506,mgeorge1e@businessweek.com,Emmet,Pomona,California,91797
Matthew,Collins,1-(402)706-7474,mcollins2i@washington.edu,Columbus,Washington,District of Columbia,20099
Melissa,Wright,1-(505)176-1539,mwrightj@miibeian.gov.cn,Elmside,Syracuse,New York,13251
Michelle,Moreno,1-(520)726-8009,mmorenoa@shop-pro.jp,Nobel,Minneapolis,Minnesota,55487
Michelle,Dunn,1-(337)168-8531,mdunnd@deviantart.com,Dexter,Arlington,Texas,76011
Mildred,Cunningham,1-(213)811-5992,mcunningham14@cnet.com,Rowland,Tampa,Florida,33620
Nicole,Gonzales,1-(714)773-2977,ngonzales2r@facebook.com,Kinsman,Saint Paul,Minnesota,55188
Pamela,Spencer,1-(202)133-0012,pspencer2p@spotify.com,Village,Atlanta,Georgia,30306
Patricia,Fuller,1-(434)172-2056,pfullerq@indiegogo.com,Maple,San Francisco,California,94142
Paul,Powell,1-(415)233-4447,ppowell29@abc.net.au,Parkside,Kansas City,Missouri,64187
Philip,Gonzales,1-(817)489-4481,pgonzalesg@tinypic.com,Luster,New Haven,Connecticut,6538
Phillip,Wells,1-(361)872-9720,pwells1n@businesswire.com,Hoffman,Stockton,California,95210
Rachel,Ward,1-(864)804-8970,rwardb@tinypic.com,Acker,Miami,Florida,33180
Rachel,Patterson,1-(757)848-4492,rpatterson1y@army.mil,Clove,Wilmington,Delaware,19897
Ralph,Thompson,1-(626)691-9969,rthompson1c@tuttocitta.it,Meadow Vale,Lubbock,Texas,79410
Rebecca,Scott,1-(954)799-9971,rscott4@uiuc.edu,Sutherland,Albuquerque,New Mexico,87110
Robert,Meyer,1-(909)545-3404,rmeyer24@fc2.com,Aberg,Elizabeth,New Jersey,7208
Robin,Wallace,1-(828)258-8097,rwallace0@prlog.org,Thackeray,Stamford,Connecticut,6905
Robin,Stevens,1-(830)850-0344,rstevensz@techcrunch.com,Del Mar,Toledo,Ohio,43666
Sara,Martin,1-(770)751-2928,smartin28@com.com,Mitchell,San Antonio,Texas,78291
Sarah,Campbell,1-(317)554-7667,scampbell2n@jimdo.com,Vera,Newark,Delaware,19714
Scott,Ramirez,1-(517)800-0383,sramirez3@seesaa.net,Glendale,Lincoln,Nebraska,68517
Stephanie,Ramos,1-(513)847-4342,sramosr@google.es,Butternut,Houston,Texas,77010
Steve,Henry,1-(510)430-0632,shenryc@hhs.gov,Caliangt,Kalamazoo,Michigan,49006
Tammy,Gibson,1-(808)439-0944,tgibson1v@nhs.uk,Northview,Denton,Texas,76210
Teresa,Williamson,1-(302)240-1637,twilliamson2d@virginia.edu,Atwood,Boca Raton,Florida,33499
Theresa,Martinez,1-(281)294-9889,tmartinezl@ow.ly,Union,Portland,Oregon,97255
Theresa,Rivera,1-(407)389-9160,triverax@patch.com,Ohio,Green Bay,Wisconsin,54313
Theresa,Reynolds,1-(614)439-0662,treynolds1g@furl.net,Grasskamp,Albuquerque,New Mexico,87201
Virginia,Cunningham,1-(812)553-2060,vcunninghamy@jiathis.com,Pankratz,Oceanside,California,92056
Virginia,Cooper,1-(718)153-6177,vcooper1b@myspace.com,Buhler,Indianapolis,Indiana,46278
Walter,Morrison,1-(612)124-3532,wmorrisonf@noaa.gov,Debra,Billings,Montana,59105
Wanda,Kelly,1-(202)907-1870,wkelly13@netvibes.com,Talmadge,San Antonio,Texas,78255
Wanda,Kelly,1-(281)795-3882,wkelly1d@cocolog-nifty.com,Jenna,Washington,District of Columbia,20260
Wayne,Cook,1-(407)408-5802,wcook11@springer.com,Moose,Buffalo,New York,14263
Willie,Mills,1-(915)713-2112,wmills1l@theguardian.com,Everett,Fullerton,California,92835
